name,desc,image url,price,rating,store name
hp samsung e1272 termurah original jadul samsung lipat dual sim,no desc,https://images.tokopedia.net/img/cache/200-square/VqbcmM/2021/10/3/270c88ea-ad0e-47d1-a099-9638bc84d220.jpg.webp?ect=4g,Rp152.100,5,
oppo F1s hp ram 4/32GB hp kamera 16MP+13MP 4G LTE smartphone,no desc,https://images.tokopedia.net/img/cache/200-square/VqbcmM/2021/11/22/4988aae7-e399-4e9b-813a-0a6c27118c18.jpg.webp?ect=4g,Rp735.000,5,
Handphone HP Samsung Flip Lipat Caramel GT-E1272,no desc,https://images.tokopedia.net/img/cache/200-square/VqbcmM/2021/9/4/3ddd49b0-ae17-49d7-be22-e2375ae803a2.png.webp?ect=4g,Rp149.000,5,
Iphone 11 64GB second ori 100%/fullset Like new /mulus 99~100%,no desc,https://images.tokopedia.net/img/cache/200-square/VqbcmM/2021/2/18/eb33259e-fe15-42d4-a888-3a98c5cad48c.jpg.webp?ect=4g,Rp6.850.000,5,
Apple iPhone XR 128gb BH 100% MULUS 99% Fullset 3Utools ijo like new,no desc,https://images.tokopedia.net/img/cache/200-square/VqbcmM/2021/9/29/d910977c-5dc1-4ca3-816f-5e9b70e6ad40.jpg.webp?ect=4g,Rp4.850.000,5,
Infinix Smart 5 - 5.000 mAh - 3/64GB - 6.6 HD+,no desc,https://images.tokopedia.net/img/cache/200-square/VqbcmM/2021/1/26/6a9d3df2-8c9f-41a2-b01e-186b0d0917d0.jpg.webp?ect=4g,Rp1.384.000,5,
Iphone 11 128GB Garansi Resmi TAM / Ibox,no desc,https://images.tokopedia.net/img/cache/200-square/VqbcmM/2021/11/2/4173dc21-75e3-4691-8574-c1e38cf0819b.png.webp?ect=4g,Rp10.499.000,5,
Iphone XR Garansi Resmi Ibox,no desc,https://images.tokopedia.net/img/cache/200-square/VqbcmM/2021/11/2/d6dac822-9e50-4854-bf6b-222d3591f559.png.webp?ect=4g,Rp8.199.000,5,
SAMSUNG Galaxy A22 5G RAM 6/128GB Garansi Resmi,no desc,https://images.tokopedia.net/img/cache/200-square/VqbcmM/2021/11/10/808112db-2a15-4689-9c8a-4ee09f72f86d.jpg.webp?ect=4g,Rp3.299.000,5,
SAMSUNG GALAXY M32 - NFC - 5000mAh - 6GB 128GB 6/128 - Garansi Resmi,no desc,https://images.tokopedia.net/img/cache/200-square/VqbcmM/2021/7/29/96748ddc-68de-423e-b34b-78818ea0b715.jpg.webp?ect=4g,Rp2.899.900,5,
Samsung Galaxy A32 5G RAM 8 ROM 128 8GB 128GB Smartphone Resmi SEIN,no desc,https://images.tokopedia.net/img/cache/200-square/VqbcmM/2021/7/16/3d22f26b-1abd-4262-9dc6-c93f25c4a91f.png.webp?ect=4g,Rp3.850.000,5,
Samsung Galaxy A52 8/128 8/256 GB Kamera 4K RAM 8 ROM 128 256 Resmi,no desc,https://images.tokopedia.net/img/cache/200-square/VqbcmM/2021/7/16/1e44788a-dcbc-4069-9b6d-a3aa03f3deca.png.webp?ect=4g,Rp5.200.000,5,
XIAOMI Mi POCO X3 Pro 6/128GB NFC Snapdragon™ 860 48MP 5160mAh,no desc,https://images.tokopedia.net/img/cache/200-square/VqbcmM/2021/5/13/4a801301-4407-4907-80cb-cbf82355394c.png.webp?ect=4g,Rp3.399.000,5,
SAMSUNG GALAXY A32 5G - NFC - 8GB 128GB 8/128 GARANSI RESMI,no desc,https://images.tokopedia.net/img/cache/200-square/VqbcmM/2021/6/7/6c8e3369-cb6a-4618-a30c-c876cb9ceec1.jpg.webp?ect=4g,Rp3.849.900,5,
Xiaomi Poco X3 Pro 8/256 GB Garansi Resmi,no desc,https://images.tokopedia.net/img/cache/200-square/VqbcmM/2021/4/30/d63e6a87-b8c1-4a78-aae0-694780ef5659.jpg.webp?ect=4g,Rp3.900.000,5,
Samsung Galaxy A72 8/128 8/256 Kamera 4K GB RAM 8 ROM 128 256 Resmi,no desc,https://images.tokopedia.net/img/cache/200-square/VqbcmM/2021/7/16/25d1e0fb-18fc-4989-b7ba-b4f4bc598be4.png.webp?ect=4g,Rp5.225.000,5,
IPhone 12 Pro Max Garansi Resmi Ibox,no desc,https://images.tokopedia.net/img/cache/200-square/VqbcmM/2021/11/2/e0aacb21-90b6-4414-b276-0127bd241a27.png.webp?ect=4g,Rp18.249.000,5,
Samsung M02 2/32 GB Garansi Resmi,no desc,https://images.tokopedia.net/img/cache/200-square/VqbcmM/2021/2/24/c5693920-a57c-42f4-90c7-ae0dec41f041.jpg.webp?ect=4g,Rp1.308.000,5,
Infinix Hot 10 S 6/128 GB Garansi Resmi,no desc,https://images.tokopedia.net/img/cache/200-square/VqbcmM/2021/6/21/d13b609a-2901-4db6-84ba-e8a77527752c.jpg.webp?ect=4g,Rp1.985.000,5,
Xiaomi Redmi Note 9 6/128 GB Garansi Resmi,no desc,https://images.tokopedia.net/img/cache/200-square/product-1/2020/6/18/2608727/2608727_a9cc5f8e-5233-4835-81ec-9221fd0c56a6_800_800.webp?ect=4g,Rp2.438.000,5,
Xiaomi Poco X3 GT 8/128GG + 8/256GB Garansi Resmi,no desc,https://images.tokopedia.net/img/cache/200-square/VqbcmM/2021/8/28/aca5bc26-b2ae-4018-bc91-3d022cfeefdb.jpg.webp?ect=4g,Rp4.199.000,5,
Samsung Galaxy A12 4/128 GB Garansi Resmi SEIN,no desc,https://images.tokopedia.net/img/cache/200-square/VqbcmM/2021/6/23/6baf216f-2cb1-464c-8f86-2f05ca28c3b4.jpg.webp?ect=4g,Rp2.155.000,5,
SAMSUNG GALAXY M02 - 5000mAh Battery - 2GB 32GB 2/32 - Garansi Resmi,no desc,https://images.tokopedia.net/img/cache/200-square/VqbcmM/2021/2/24/fb8f1631-7a2a-49f3-aaab-ffb44f7a666d.jpg.webp?ect=4g,Rp1.319.900,5,
Samsung Galaxy A02 3/32 GB Garansi Resmi SEIN,no desc,https://images.tokopedia.net/img/cache/200-square/VqbcmM/2021/2/18/1bfa6f89-cf7e-4c54-9fd1-3e2713cbdb4c.jpg.webp?ect=4g,Rp1.475.000,5,
"Xiaomi Redmi Note 10 Pro 8/128GB NFC 6.67"" 108MP 5020mAh Smart HP",no desc,https://images.tokopedia.net/img/cache/200-square/VqbcmM/2021/11/8/6dc789ab-971f-4e16-b698-9bf8485205ed.png.webp?ect=4g,Rp3.899.000,5,
Oppo Reno 6 Ram 8GB+128GB Garansi Resmi Oppo 1 Tahun,no desc,https://images.tokopedia.net/img/cache/200-square/VqbcmM/2021/11/30/7fcddf35-fa1f-4416-9b70-6a4548cf9610.jpg.webp?ect=4g,Rp4.429.000,5,
Poco X3 Pro 6/128GB + 8/268GB Garansi Resmi,no desc,https://images.tokopedia.net/img/cache/200-square/VqbcmM/2021/4/24/eba5b62f-0d2b-4efd-a9ba-c629d2b0e1fa.jpg.webp?ect=4g,Rp3.435.000,5,
Samsung Galaxy A52 8/128Gb | 8/256Gb - Grs resmi Sein,no desc,https://images.tokopedia.net/img/cache/200-square/VqbcmM/2021/3/18/f9043f8a-f810-41cb-8a09-7d59da748e17.jpg.webp?ect=4g,Rp4.739.000,5,
Nokia Feature Phone N-150 New 2020 Dual Sim Garansi Resmi,no desc,https://images.tokopedia.net/img/cache/200-square/VqbcmM/2021/3/9/976c06f9-c8b9-409b-9351-032bcf347caa.jpg.webp?ect=4g,Rp425.000,5,
Xiaomi Redmi Note 10s 8/128 GB Garasni Resmi,no desc,https://images.tokopedia.net/img/cache/200-square/VqbcmM/2021/6/21/96d41d0f-83ac-48ca-9f2b-bd7fc2e4d4d6.jpg.webp?ect=4g,Rp3.054.000,5,
Infinix Note 10 Pro NFC 6/64 GB + 8/128 GB Garansi Resmi,no desc,https://images.tokopedia.net/img/cache/200-square/VqbcmM/2021/6/19/b9dcac2e-3e41-465d-b4a8-f6ed69805772.jpg.webp?ect=4g,Rp2.550.000,5,
Xiaomi Redmi Note 10s 6/64 GB Garansi Resmi,no desc,https://images.tokopedia.net/img/cache/200-square/VqbcmM/2021/6/20/f46bee0d-a296-4f6f-9ce6-169e70504ef8.jpg.webp?ect=4g,Rp2.671.000,5,
SAMSUNG GALAXY M62 - 7000mAh Battery - 8GB 256GB 8/256 - Garansi Resmi,no desc,https://images.tokopedia.net/img/cache/200-square/VqbcmM/2021/6/7/627ae2f0-2b3f-4cee-b65a-714e6014b0be.png.webp?ect=4g,Rp4.799.900,5,
Infinix Hot 10 Play 3/32 GB Garansi Resmi,no desc,https://images.tokopedia.net/img/cache/200-square/VqbcmM/2021/6/21/5f636056-8dfb-40a0-99d5-4bc84afa416d.jpg.webp?ect=4g,Rp1.443.000,5,
Vivo V21 4G 8/128GB + 8/256GB Garansi Resmi Vivo Indonesia,no desc,https://images.tokopedia.net/img/cache/200-square/VqbcmM/2021/6/26/a54bfe9e-4e57-45a1-8019-f26cf5c1c4bd.jpg.webp?ect=4g,Rp3.550.000,5,
oppo A57 hp ram 3/32GB Kamera 16MP+13MP 4G LTE smartphone,no desc,https://images.tokopedia.net/img/cache/200-square/VqbcmM/2021/10/6/763e1629-3f71-4e98-a93c-ffb7280e25cb.jpg.webp?ect=4g,Rp720.000,5,
HP NOKIA 105 JADUL DUAL SIM NEW,no desc,https://images.tokopedia.net/img/cache/200-square/VqbcmM/2021/9/27/7857e6af-3400-4766-aba8-e803269e3e47.png.webp?ect=4g,Rp122.000,5,
"IBOX iPhone 13 Pro Max 128GB 256GB 512GB 1TB Resmi Gold Blue Graphite - 13 PRO SINGLE, 128GB SILVER",no desc,https://images.tokopedia.net/img/cache/200-square/VqbcmM/2021/10/1/eb734cad-19e2-46e3-ab13-9142307254ed.jpg.webp?ect=4g,Rp18.675.000,5,
"xiaomi redmi 4a 2/32gb GARANSI 1 THN - gold, 2/32GB",no desc,https://images.tokopedia.net/img/cache/200-square/VqbcmM/2021/7/19/bbcd0df8-520e-41fc-ab6b-1bd132c21e7f.jpg.webp?ect=4g,Rp599.000,5,
vivo y15s 3/32,no desc,https://images.tokopedia.net/img/cache/200-square/VqbcmM/2021/11/14/40163064-e68b-4a1e-abbc-34f211cbb11a.jpg.webp?ect=4g,Rp1.675.000,5,
Infinix Hot 10 Play 4/64 GB Garansi Resmi,no desc,https://images.tokopedia.net/img/cache/200-square/VqbcmM/2021/5/5/354e01e8-7ff6-4d3f-bddd-9a643673bdc4.jpg.webp?ect=4g,Rp1.571.000,5,
itel vision A26 (2/32) garansi resmi by infinix,no desc,https://images.tokopedia.net/img/cache/200-square/VqbcmM/2021/8/12/4e32b47d-1c08-4bab-9052-517c84ed3099.jpg.webp?ect=4g,Rp870.000,5,
XIAOMI REDMI 9A RAM 3 32 GARANSI RESMI,no desc,https://images.tokopedia.net/img/cache/200-square/VqbcmM/2021/6/1/e3dd50c6-98b7-47d9-bd57-cb78f8a93446.jpg.webp?ect=4g,Rp1.520.000,5,
Samsung Galaxy A32 6/128 RAM 6GB 128GB Garansi Resmi Samsung Indonesia,no desc,https://images.tokopedia.net/img/cache/200-square/VqbcmM/2021/6/19/466569ea-4ec4-40c3-9822-07ce661e3ddb.jpg.webp?ect=4g,Rp3.425.000,5,
Samsung Galaxy A32 6/128Gb | 8/128Gb - Grs resmi Sein,no desc,https://images.tokopedia.net/img/cache/200-square/VqbcmM/2021/3/18/a40d7844-7dff-4a83-9a8e-1b90162532b8.jpg.webp?ect=4g,Rp3.499.000,5,
Infinix Hot 10S 6/128GB – Helio G85 – 6.000 mAh – 48MP Camera,no desc,https://images.tokopedia.net/img/cache/200-square/VqbcmM/2021/11/18/1ac824e9-0787-4335-8d09-08fabfbe730c.jpg.webp?ect=4g,Rp2.074.000,5,
Infinix Note 10 Pro 8/128 GB Garansi Resmi,no desc,https://images.tokopedia.net/img/cache/200-square/VqbcmM/2021/6/21/5fda4aa9-28f2-4156-ace0-6b6daadba525.jpg.webp?ect=4g,Rp2.718.000,5,
Xiaomi Mi 11 Lite 6/64GB + 6/128GB + 8/128GB Garansi Resmi,no desc,https://images.tokopedia.net/img/cache/200-square/VqbcmM/2021/6/23/7ca4e097-b139-4f32-8c81-349da35780b6.jpg.webp?ect=4g,Rp3.749.000,5,
Oppo Reno 5 8GB+128GB Garansi Resmi Oppo 1 Tahun,no desc,https://images.tokopedia.net/img/cache/200-square/VqbcmM/2021/7/28/4781ea80-79af-4869-a48e-54dde522ee5e.jpg.webp?ect=4g,Rp4.095.000,5,
INFINIX NOTE 10 PRO NFC RAM 8 128 RAM 6 64 GARANSI RESMI,no desc,https://images.tokopedia.net/img/cache/200-square/VqbcmM/2021/7/9/2aa16215-3e82-4546-9cdb-f8a99fc20b04.jpg.webp?ect=4g,Rp2.499.000,5,
Itel Vision 1 Pro ( 2/32Gb / 3/32Gb ) Garansi Resmi by Infinix,no desc,https://images.tokopedia.net/img/cache/200-square/VqbcmM/2021/2/17/8d69c008-48d1-4bb1-86b1-c9a7a969ca6d.jpg.webp?ect=4g,Rp1.035.000,5,
Samsung M12 3/32 4/64 GB Mediatek Android RAM 3 4 ROM 32 64 Resmi SEIN,no desc,https://images.tokopedia.net/img/cache/200-square/VqbcmM/2021/7/16/a470e77e-f091-4f1b-ba06-111acca93c46.png.webp?ect=4g,Rp1.699.000,5,
Infinix Hot 10s 6/128 RAM 6GB ROM 128GB GARANSI RESMI,no desc,https://images.tokopedia.net/img/cache/200-square/VqbcmM/2021/5/19/3409ba08-6526-42e9-9d9e-6e5315a3190a.jpg.webp?ect=4g,Rp2.009.000,5,
INFINIX SMART 5 RAM 2 32 GARANSI RESMI,no desc,https://images.tokopedia.net/img/cache/200-square/VqbcmM/2021/2/15/25eae716-c7b4-41b0-8d8e-8b13691b3bb7.jpg.webp?ect=4g,Rp1.225.000,5,
Samsung Galaxy A03S [4G] [64GB/4GB] - Garansi Resmi,no desc,https://images.tokopedia.net/img/cache/200-square/VqbcmM/2021/9/7/c581c0d6-6def-454e-a6c0-325a993f92f6.png.webp?ect=4g,Rp1.758.000,5,
Infinix Note 10 Pro 8/128 GB - Garansi Resmi,no desc,https://images.tokopedia.net/img/cache/200-square/VqbcmM/2021/7/23/8047184e-b352-43ad-a4c1-eb3f0dd746e8.png.webp?ect=4g,Rp2.778.000,5,
SAMSUNG GALAXY M12 4/64 GB SAMSUNG M12 3/32 GB GARANSI RESMI SEIN,no desc,https://images.tokopedia.net/img/cache/200-square/VqbcmM/2021/8/28/836f597e-24d4-4ecb-b291-39ff0e7ec239.png.webp?ect=4g,Rp1.680.000,5,
IPhone 12 Mini Garansi Resmi Ibox,no desc,https://images.tokopedia.net/img/cache/200-square/VqbcmM/2021/11/2/1bdbd918-e808-40b1-84cb-b8fc89948065.png.webp?ect=4g,Rp10.249.000,5,
Infinix Hot 10S 6/128GB - Garansi Resmi Infinix Indonesia,no desc,https://images.tokopedia.net/img/cache/200-square/VqbcmM/2021/7/24/381b50bc-27a4-4eb1-b21d-af444a029cb5.png.webp?ect=4g,Rp1.996.000,5,
SAMSUNG GALAXY A32 6/128 GARANSI RESMI,no desc,https://images.tokopedia.net/img/cache/200-square/VqbcmM/2021/4/5/612785c1-6b71-446d-9031-3584df371362.jpg.webp?ect=4g,Rp3.485.000,5,
Infinix Itel Vision 1 Pro 3/32 Ram 3GB Internal 32GB Garansi Resmi,no desc,https://images.tokopedia.net/img/cache/200-square/VqbcmM/2021/2/8/3629d82c-3bb2-4820-9c30-83f1758b69a5.jpg.webp?ect=4g,Rp1.065.000,5,
OPPO A54 GARANSI RESMI OPPO INDONESIA,no desc,https://images.tokopedia.net/img/cache/200-square/VqbcmM/2021/4/13/0132b06a-4cc0-478b-9ad2-99c67ac6dcb4.jpg.webp?ect=4g,Rp2.310.000,5,
Xiaomi Redmi Note 10 5G 4/128GB + 6/128GB + 8/128GB Garansi Resmi,no desc,https://images.tokopedia.net/img/cache/200-square/VqbcmM/2021/8/2/e2bf9452-4077-43fc-904c-a8a721fa7580.jpg.webp?ect=4g,Rp2.825.000,5,
XIAOMI POCOPHONE POCO M3 - 6GB 128GB - 6/128 GARANSI RESMI,no desc,https://images.tokopedia.net/img/cache/200-square/VqbcmM/2021/1/25/15e17507-4741-4c54-a282-0511d112e02f.jpg.webp?ect=4g,Rp2.299.900,5,
Evercoss M6A 4/32 Ram 4GB Internal 32GB Garansi Resmi,no desc,https://images.tokopedia.net/img/cache/200-square/attachment/2021/11/29/-1/-1_42dc4325-0892-445e-9a35-399cd1b89c28.jpg.webp?ect=4g,Rp875.000,5,
SAMSUNG GALAXY M32 - NFC - 5000mAh - 8GB 128GB 8/128 - Garansi Resmi,no desc,https://images.tokopedia.net/img/cache/200-square/VqbcmM/2021/7/29/96748ddc-68de-423e-b34b-78818ea0b715.jpg.webp?ect=4g,Rp3.299.900,5,
Redmi Note 10 Pro 6/64GB + 8/128GB Garansi Resmi,no desc,https://images.tokopedia.net/img/cache/200-square/VqbcmM/2021/3/31/5a643563-0f91-4abc-97fa-7f32ab9dbc79.jpg.webp?ect=4g,Rp3.635.000,5,
SAMSUNG GALAXY M62 8/256 GB SAMSUNG M62 8/256 GB GARANSI RESMI SEIN,no desc,https://images.tokopedia.net/img/cache/200-square/VqbcmM/2021/6/17/2a9abba9-acca-4f6a-b759-1a50e029b708.png.webp?ect=4g,Rp4.740.000,5,
SAMSUNG GALAXY M12 - 5000mAh Battery - 4GB 64GB 4/64 - Garansi Resmi,no desc,https://images.tokopedia.net/img/cache/200-square/VqbcmM/2021/5/5/a654e2e6-086f-4d79-897f-d063a9626f52.jpg.webp?ect=4g,Rp1.899.900,5,
XIAOMI REDMI NOTE 10S 8/128 GB REDMI NOTE 10S 6/64 GB GARANSI RESMI,no desc,https://images.tokopedia.net/img/cache/200-square/VqbcmM/2021/5/24/f0a41dc2-105e-4031-88a9-aa41e6df92ed.png.webp?ect=4g,Rp2.685.000,5,
Oppo F1s 4/32GB,no desc,https://images.tokopedia.net/img/cache/200-square/VqbcmM/2021/7/25/f7b03a07-0b71-4faf-8a79-e1053cc627ee.jpg.webp?ect=4g,Rp745.000,5,
Apple iPhone 11 128GB/ 64GB Second,no desc,https://images.tokopedia.net/img/cache/200-square/VqbcmM/2021/11/24/766a67b5-ed78-4d51-8228-4e1a305d8e60.jpg.webp?ect=4g,Rp6.880.008,5,
"New iPhone 13 Pro 256 / 512 / 1TB Graphite, Gold, Silver, Sierra Blue",no desc,https://images.tokopedia.net/img/cache/200-square/VqbcmM/2021/9/15/e30834a7-ed5d-48dd-91d3-a87da2e3e2b0.jpg.webp?ect=4g,Rp17.999.000,5,
Iphone 11 64gb Bekas Fullset,no desc,https://images.tokopedia.net/img/cache/200-square/attachment/2020/2/28/158286678223551/158286678223551_dc10df7a-b3ae-4674-a701-f5be1a835567.png.webp?ect=4g,Rp6.750.000,5,
iPhone 12 Mini 64GB 128GB 256GB White Black Blue Green Red RESMI IBOX,no desc,https://images.tokopedia.net/img/cache/200-square/VqbcmM/2021/9/22/234b0340-8e44-4800-952d-5024f6431d42.jpg.webp?ect=4g,Rp10.539.000,5,
oppo F9 handphone 6GB+128GB kamera hp 25MP+16MP smartphone,no desc,https://images.tokopedia.net/img/cache/200-square/VqbcmM/2021/6/4/a9940c12-ccf8-4d6f-ac57-8ab8532ee63c.jpg.webp?ect=4g,Rp1.400.000,5,
Samsung Galaxy A12 Garansi Resmi Sein,no desc,https://images.tokopedia.net/img/cache/200-square/VqbcmM/2021/10/7/ea20bd2d-124b-4c9f-92f8-2074339fa60d.jpg.webp?ect=4g,Rp2.099.000,5,
iPhone 11 Pro 256GB Second,no desc,https://images.tokopedia.net/img/cache/200-square/VqbcmM/2021/11/7/7f2326f3-9c2b-4e12-9cdf-f3ba9da1f70c.png.webp?ect=4g,Rp9.575.000,5,
Iphone 12 Pro 128gb / 256gb /512gb Bekas Fullset,no desc,https://images.tokopedia.net/img/cache/200-square/VqbcmM/2021/2/6/e0fbf17f-8d1c-4a99-8b75-d69f5f7d7d93.jpg.webp?ect=4g,Rp13.000.000,5,
Iphone 11 Pro 64gb Bekas,no desc,https://images.tokopedia.net/img/cache/200-square/VqbcmM/2020/6/29/20173926-2484-4d3b-ac5d-842593a627c4.jpg.webp?ect=4g,Rp8.850.000,5,
Xiaomi Poco M3 Pro 5G 4/64GB + 6/128GB Garansi Resmi,no desc,https://images.tokopedia.net/img/cache/200-square/VqbcmM/2021/6/30/82315e33-e4f4-496a-8f3d-5483bc21c98e.jpg.webp?ect=4g,Rp2.675.000,5,
Samsung Galaxy A12 6/128 GB Garansi Resmi SEIN,no desc,https://images.tokopedia.net/img/cache/200-square/VqbcmM/2020/12/29/520f7c61-b341-42e1-a829-9cb4cc5b1677.jpg.webp?ect=4g,Rp2.377.000,5,
NOKIA 5310 (2020) GARANSI RESMI,no desc,https://images.tokopedia.net/img/cache/200-square/VqbcmM/2021/7/19/6defe58f-acc6-4c05-b46a-e5765ccb9ef6.jpg.webp?ect=4g,Rp481.000,5,
SAMSUNG GALAXY A32 8/128 GARANSI RESMI,no desc,https://images.tokopedia.net/img/cache/200-square/VqbcmM/2021/4/5/c9384b3f-f94d-436f-b195-f2edf1e5bc8b.jpg.webp?ect=4g,Rp3.635.000,5,
Samsung A12 6/128 RAM 6GB Internal 128GB Garansi Resmi SEIN,no desc,https://images.tokopedia.net/img/cache/200-square/VqbcmM/2021/9/2/8f2fde18-2d67-4529-b262-6de643c37a22.jpg.webp?ect=4g,Rp2.376.000,5,
"XIAOMI REDMI 9A 3/32 GB , REDMI 9A 2/32 GB 100% ORI GARANSI RESMI",no desc,https://images.tokopedia.net/img/cache/200-square/VqbcmM/2021/6/23/235359ff-3ad3-4c18-9571-be29ae1752f9.png.webp?ect=4g,Rp1.325.000,5,
Maxtron C31i Pro Garansi Resmi,no desc,https://images.tokopedia.net/img/cache/200-square/VqbcmM/2021/9/9/dc76e9f9-6257-4b2f-8a35-dfdff7ef385f.jpg.webp?ect=4g,Rp117.000,5,
Xiaomi Poco X3 GT - 8GB 256GB (8/256) - New Original Garansi Resmi,no desc,https://images.tokopedia.net/img/cache/200-square/VqbcmM/2021/8/20/60fb5c3d-0771-4b7e-bc74-f8e435ca273f.jpg.webp?ect=4g,Rp4.575.000,5,
ASUS ROG PHONE 5 8/128GB 12/256GB GARANSI RESMI ASUS INDONESIA,no desc,https://images.tokopedia.net/img/cache/200-square/VqbcmM/2021/11/12/5472f765-7c37-4c71-8b79-eee1ca468bde.jpg.webp?ect=4g,Rp8.495.000,5,
Realme 8 PRO 8/128GB NFC Garansi Resmi,no desc,https://images.tokopedia.net/img/cache/200-square/VqbcmM/2021/4/13/7575520d-7535-4538-8aec-e572c063d1e7.jpg.webp?ect=4g,Rp3.640.000,5,
XIAOMI REDMI 9 RAM 4 64 RAM 3 32 GRS RESMI,no desc,https://images.tokopedia.net/img/cache/200-square/VqbcmM/2021/6/5/9994c671-2c42-4f68-bcdf-e3d4f7dfa0d5.jpg.webp?ect=4g,Rp1.925.000,5,
Samsung Galaxy A02 [32GB/3GB] - Garansi Resmi SEIN,no desc,https://images.tokopedia.net/img/cache/200-square/VqbcmM/2021/5/22/3dc54c12-1748-4c12-8035-529d32c3c7ce.png.webp?ect=4g,Rp1.473.000,5,
SAMSUNG A12 RAM 6 128 RAM 4 128 GARANSI RESMI,no desc,https://images.tokopedia.net/img/cache/200-square/VqbcmM/2021/1/8/c9e911c9-1c39-4b2a-b9f5-787be692941a.jpg.webp?ect=4g,Rp2.199.000,5,
Xiaomi Poco M3 Pro 5G 4/64GB Garansi Resmi,no desc,https://images.tokopedia.net/img/cache/200-square/VqbcmM/2021/7/6/2d8b845b-4014-49c7-a2ce-a95024bda068.jpg.webp?ect=4g,Rp2.606.000,5,
INFINIX NOTE 10 RAM 6 128 GARANSI RESMI,no desc,https://images.tokopedia.net/img/cache/200-square/VqbcmM/2021/9/7/a8b18e62-99db-46ce-a1ac-cb4e1d2771e9.jpg.webp?ect=4g,Rp2.218.000,5,
Nokia 105 king 2019 Garansi Resmi,no desc,https://images.tokopedia.net/img/cache/200-square/VqbcmM/2020/10/6/a785b4a4-58cf-42ba-a0aa-56ad2007e4e4.jpg.webp?ect=4g,Rp225.000,5,
Samsung Galaxy A32 8/128 RAM 8GB ROM 128GB GARANSI RESMI SEIN,no desc,https://images.tokopedia.net/img/cache/200-square/VqbcmM/2021/4/12/a1709fb1-22b1-4dd5-aa17-9b937df29387.jpg.webp?ect=4g,Rp3.758.000,5,
Xiaomi Poco M3 6/128GB 6GB 128GB Garansi Resmi,no desc,https://images.tokopedia.net/img/cache/200-square/VqbcmM/2021/1/28/eba34146-3168-4946-a981-a3c3cfd61d41.jpg.webp?ect=4g,Rp2.284.000,5,
Redmi Note 10s 6/64GB + 8/128GB GARANSI RESMI,no desc,https://images.tokopedia.net/img/cache/200-square/VqbcmM/2021/5/26/a60c5e9c-2717-434c-b1be-f212b9edfdcd.jpg.webp?ect=4g,Rp2.678.000,5,
Xiaomi Poco X3 Pro 6/128 GB Garansi Resmi,no desc,https://images.tokopedia.net/img/cache/200-square/VqbcmM/2021/4/30/06bae3b1-9c03-4350-a3dc-759c4797b7b3.jpg.webp?ect=4g,Rp3.436.000,5,
